Sehir,Ilce
ADANA,ALADAĞ
ADANA,CEYHAN
ADANA,FEKE
ADANA,GAZİMAGOSA
ADANA,GÜZELYURT
ADANA,GİRNE
ADANA,KARATAŞ
ADANA,KARAİSALI
ADANA,KOZAN
ADANA,POZANTI
ADANA,SARIÇAM
ADANA,SAİMBEYLİ
ADANA,SEYHAN
ADANA,TUFANBEYLİ
ADANA,YUMURTALIK
ADANA,YÜREĞİR
ADANA,ÇUKUROVA
ADANA,İMAMOĞLU
ADIYAMAN,ADIYAMAN
ADIYAMAN,BESNİ
ADIYAMAN,GERGER
ADIYAMAN,GÖLBAŞI
ADIYAMAN,KAHTA
ADIYAMAN,SAMSAT
ADIYAMAN,SİNCİK
ADIYAMAN,TUT
ADIYAMAN,ÇELİKHAN
AFYONKARAHİSAR,AFYONKARAHİSAR
AFYONKARAHİSAR,BAYAT
AFYONKARAHİSAR,BAŞMAKÇI
AFYONKARAHİSAR,BOLVADİN
AFYONKARAHİSAR,DAZKIRI
AFYONKARAHİSAR,DİNAR
AFYONKARAHİSAR,EMİRDAĞ
AFYONKARAHİSAR,EVCİLER
AFYONKARAHİSAR,HOCALAR
AFYONKARAHİSAR,KIZILÖREN
AFYONKARAHİSAR,SANDIKLI
AFYONKARAHİSAR,SULTANDAĞI
AFYONKARAHİSAR,SİNCANLI
AFYONKARAHİSAR,ÇAY
AFYONKARAHİSAR,ÇOBANLAR
AFYONKARAHİSAR,İHSANİYE
AFYONKARAHİSAR,İSCEHİSAR
AFYONKARAHİSAR,ŞUHUT
AKSARAY,AKSARAY
AKSARAY,AĞAÇÖREN
AKSARAY,ESKİL
AKSARAY,GÜLAĞAÇ
AKSARAY,GÜZELYURT
AKSARAY,ORTAKÖY
AKSARAY,SARIYAHŞİ
AMASYA,AMASYA
AMASYA,GÖYNÜCEK
AMASYA,GÜMÜŞHACIKÖY
AMASYA,HAMAMÖZÜ
AMASYA,MERZİFON
AMASYA,SULUOVA
AMASYA,TAŞOVA
ANKARA,AKYURT
ANKARA,ALTINDAĞ
ANKARA,AYAŞ
ANKARA,BALA
ANKARA,BEYPAZARI
ANKARA,ELMADAĞ
ANKARA,ETİMESGUT
ANKARA,EVREN
ANKARA,GÖLBAŞI
ANKARA,GÜDÜL
ANKARA,HAYMANA
ANKARA,KALECİK
ANKARA,KAZAN
ANKARA,KEÇİÖREN
ANKARA,KIZILCAHAMAM
ANKARA,MAMAK
ANKARA,NALLIHAN
ANKARA,POLATLI
ANKARA,PURSAKLAR
ANKARA,SİNCAN
ANKARA,YENİMAHALLE
ANKARA,ÇAMLIDERE
ANKARA,ÇANKAYA
ANKARA,ÇUBUK
ANKARA,ŞEREFLİKOÇHİSAR
ANTALYA,AKSEKİ
ANTALYA,AKSU
ANTALYA,ALANYA
ANTALYA,DEMRE
ANTALYA,DÖŞEMEALTI
ANTALYA,ELMALI
ANTALYA,FİNİKE
ANTALYA,GAZİPAŞA
ANTALYA,GÜNDOĞMUŞ
ANTALYA,KAŞ
ANTALYA,KEMER
ANTALYA,KEPEZ
ANTALYA,KONYAALTI
ANTALYA,KORKUTELİ
ANTALYA,KUMLUCA
ANTALYA,MANAVGAT
ANTALYA,MURATPAŞA
ANTALYA,SERİK
ANTALYA,İBRADI
ARDAHAN,ARDAHAN
ARDAHAN,DAMAL
ARDAHAN,GÖLE
ARDAHAN,HANAK
ARDAHAN,POSOF
ARDAHAN,ÇILDIR
ARTVİN,ARDANUÇ
ARTVİN,ARHAVİ
ARTVİN,ARTVİN
ARTVİN,BORÇKA
ARTVİN,HOPA
ARTVİN,MURGUL
ARTVİN,YUSUFELİ
ARTVİN,ŞAVŞAT
AYDIN,AYDIN
AYDIN,BOZDOĞAN
AYDIN,BUHARKENT
AYDIN,DİDİM
AYDIN,GERMENCİK
AYDIN,KARACASU
AYDIN,KARPUZLU
AYDIN,KOÇARLI
AYDIN,KUYUCAK
AYDIN,KUŞADASI
AYDIN,KÖŞK
AYDIN,NAZİLLİ
AYDIN,SULTANHİSAR
AYDIN,SÖKE
AYDIN,YENİPAZAR
AYDIN,ÇİNE
AYDIN,İNCİRLİOVA
AĞRI,AĞRI
AĞRI,DOĞUBAYAZIT
AĞRI,DİYADİN
AĞRI,ELEŞKİRT
AĞRI,HAMUR
AĞRI,PATNOS
AĞRI,TAŞLIÇAY
AĞRI,TUTAK
BALIKESİR,AYVALIK
BALIKESİR,BALIKESİR
BALIKESİR,BALYA
BALIKESİR,BANDIRMA
BALIKESİR,BURHANİYE
BALIKESİR,BİGADİÇ
BALIKESİR,DURSUNBEY
BALIKESİR,EDREMİT
BALIKESİR,ERDEK
BALIKESİR,GÖMEÇ
BALIKESİR,GÖNEN
BALIKESİR,HAVRAN
BALIKESİR,KEPSUT
BALIKESİR,MANYAS
BALIKESİR,MARMARA
BALIKESİR,SAVAŞTEPE
BALIKESİR,SINDIRGI
BALIKESİR,SUSURLUK
BALIKESİR,İVRİNDİ
BARTIN,AMASRA
BARTIN,BARTIN
BARTIN,KURUCAŞİLE
BARTIN,ULUS
BATMAN,BATMAN
BATMAN,BEŞİRİ
BATMAN,GERCÜŞ
BATMAN,HASANKEYF
BATMAN,KOZLUK
BATMAN,SASON
BAYBURT,AYDINTEPE
BAYBURT,BAYBURT
BAYBURT,DEMİRÖZÜ
BOLU,BOLU
BOLU,DÖRTDİVAN
BOLU,GEREDE
BOLU,GÖYNÜK
BOLU,KIBRISCIK
BOLU,MENGEN
BOLU,MUDURNU
BOLU,SEBEN
BOLU,YENİÇAĞA
BURDUR,ALTINYAYLA
BURDUR,AĞLASUN
BURDUR,BUCAK
BURDUR,BURDUR
BURDUR,GÖLHİSAR
BURDUR,KARAMANLI
BURDUR,KEMER
BURDUR,TEFENNİ
BURDUR,YEŞİLOVA
BURDUR,ÇAVDIR
BURDUR,ÇELTİKÇİ
BURSA,BÜYÜKORHAN
BURSA,GEMLİK
BURSA,GÜRSU
BURSA,HARMANCIK
BURSA,KARACABEY
BURSA,KELES
BURSA,KESTEL
BURSA,MUDANYA
BURSA,MUSTAFAKEMALPAŞA
BURSA,NİLÜFER
BURSA,ORHANELİ
BURSA,ORHANGAZİ
BURSA,OSMANGAZİ
BURSA,YENİŞEHİR
BURSA,YILDIRIM
BURSA,İNEGÖL
BURSA,İZNİK
BİLECİK,BOZÜYÜK
BİLECİK,BİLECİK
BİLECİK,GÖLPAZARI
BİLECİK,OSMANELİ
BİLECİK,PAZARYERİ
BİLECİK,SÖĞÜT
BİLECİK,YENİPAZAR
BİLECİK,İNHİSAR
BİNGÖL,ADAKLI
BİNGÖL,BİNGÖL
BİNGÖL,GENÇ
BİNGÖL,KARLIOVA
BİNGÖL,KİĞI
BİNGÖL,SOLHAN
BİNGÖL,YAYLADERE
BİNGÖL,YEDİSU
BİTLİS,ADİLCEVAZ
BİTLİS,AHLAT
BİTLİS,BİTLİS
BİTLİS,GÜROYMAK
BİTLİS,HİZAN
BİTLİS,MUTKİ
BİTLİS,TATVAN
DENİZLİ,ACIPAYAM
DENİZLİ,AKKÖY
DENİZLİ,BABADAĞ
DENİZLİ,BAKLAN
DENİZLİ,BEKİLLİ
DENİZLİ,BEYAĞAÇ
DENİZLİ,BOZKURT
DENİZLİ,BULDAN
DENİZLİ,DENİZLİ
DENİZLİ,GÜNEY
DENİZLİ,HONAZ
DENİZLİ,KALE
DENİZLİ,SARAYKÖY
DENİZLİ,SERİNHİSAR
DENİZLİ,TAVAS
DENİZLİ,ÇAL
DENİZLİ,ÇAMELİ
DENİZLİ,ÇARDAK
DENİZLİ,ÇİVRİL
DÜZCE,AKÇAKOCA
DÜZCE,CUMAYERİ
DÜZCE,DÜZCE
DÜZCE,GÖLYAKA
DÜZCE,GÜMÜŞOVA
DÜZCE,KAYNAŞLI
DÜZCE,YIĞILCA
DÜZCE,ÇİLİMLİ
DİYARBAKIR,BAĞLAR
DİYARBAKIR,BİSMİL
DİYARBAKIR,DİCLE
DİYARBAKIR,ERGANİ
DİYARBAKIR,EĞİL
DİYARBAKIR,HANİ
DİYARBAKIR,HAZRO
DİYARBAKIR,KAYAPINAR
DİYARBAKIR,KOCAKÖY
DİYARBAKIR,KULP
DİYARBAKIR,LİCE
DİYARBAKIR,SUR
DİYARBAKIR,SİLVAN
DİYARBAKIR,YENİŞEHİR
DİYARBAKIR,ÇERMİK
DİYARBAKIR,ÇINAR
DİYARBAKIR,ÇÜNGÜŞ
EDİRNE,EDİRNE
EDİRNE,ENEZ
EDİRNE,HAVSA
EDİRNE,KEŞAN
EDİRNE,LALAPAŞA
EDİRNE,MERİÇ
EDİRNE,SÜLOĞLU
EDİRNE,UZUNKÖPRÜ
EDİRNE,İPSALA
ELAZIĞ,ALACAKAYA
ELAZIĞ,ARICAK
ELAZIĞ,AĞIN
ELAZIĞ,BASKİL
ELAZIĞ,ELAZIĞ
ELAZIĞ,KARAKOÇAN
ELAZIĞ,KEBAN
ELAZIĞ,KOVANCILAR
ELAZIĞ,MADEN
ELAZIĞ,PALU
ELAZIĞ,SİVRİCE
ERZURUM,AZİZİYE
ERZURUM,AŞKALE
ERZURUM,HINIS
ERZURUM,HORASAN
ERZURUM,KARAYAZI
ERZURUM,KARAÇOBAN
ERZURUM,KÖPRÜKÖY
ERZURUM,NARMAN
ERZURUM,OLTU
ERZURUM,OLUR
ERZURUM,PALANDÖKEN
ERZURUM,PASİNLER
ERZURUM,PAZARYOLU
ERZURUM,TEKMAN
ERZURUM,TORTUM
ERZURUM,UZUNDERE
ERZURUM,YAKUTİYE
ERZURUM,ÇAT
ERZURUM,İSPİR
ERZURUM,ŞENKAYA
ERZİNCAN,ERZİNCAN
ERZİNCAN,ILIÇ
ERZİNCAN,KEMAH
ERZİNCAN,KEMALİYE
ERZİNCAN,OTLUKBELİ
ERZİNCAN,REFAHİYE
ERZİNCAN,TERCAN
ERZİNCAN,ÇAYIRLI
ERZİNCAN,ÜZÜMLÜ
ESKİŞEHİR,ALPU
ESKİŞEHİR,BEYLİKOVA
ESKİŞEHİR,GÜNYÜZÜ
ESKİŞEHİR,HAN
ESKİŞEHİR,MAHMUDİYE
ESKİŞEHİR,MİHALGAZİ
ESKİŞEHİR,MİHALIÇÇIK
ESKİŞEHİR,ODUNPAZARI
ESKİŞEHİR,SARICAKAYA
ESKİŞEHİR,SEYİTGAZİ
ESKİŞEHİR,SİVRİHİSAR
ESKİŞEHİR,TEPEBAŞI
ESKİŞEHİR,ÇİFTELER
ESKİŞEHİR,İNÖNÜ
GAZİANTEP,ARABAN
GAZİANTEP,KARKAMIŞ
GAZİANTEP,NURDAĞI
GAZİANTEP,NİZİP
GAZİANTEP,OĞUZELİ
GAZİANTEP,YAVUZELİ
GAZİANTEP,İSLAHİYE
GAZİANTEP,ŞAHİNBEY
GAZİANTEP,ŞEHİTKAMİL
GÜMÜŞHANE,GÜMÜŞHANE
GÜMÜŞHANE,KELKİT
GÜMÜŞHANE,KÖSE
GÜMÜŞHANE,KÜRTÜN
GÜMÜŞHANE,TORUL
GÜMÜŞHANE,ŞİRAN
GİRESUN,ALUCRA
GİRESUN,BULANCAK
GİRESUN,DERELİ
GİRESUN,DOĞANKENT
GİRESUN,ESPİYE
GİRESUN,EYNESİL
GİRESUN,GÖRELE
GİRESUN,GÜCE
GİRESUN,GİRESUN
GİRESUN,KEŞAP
GİRESUN,PİRAZİZ
GİRESUN,TİREBOLU
GİRESUN,YAĞLIDERE
GİRESUN,ÇAMOLUK
GİRESUN,ÇANAKÇI
GİRESUN,ŞEBİNKARAHİSAR
HAKKARİ,HAKKARİ
HAKKARİ,YÜKSEKOVA
HAKKARİ,ÇUKURCA
HAKKARİ,ŞEMDİNLİ
HATAY,ALTINÖZÜ
HATAY,ANTAKYA
HATAY,BELEN
HATAY,DÖRTYOL
HATAY,ERZİN
HATAY,HASSA
HATAY,KIRIKHAN
HATAY,KUMLU
HATAY,REYHANLI
HATAY,SAMANDAĞ
HATAY,YAYLADAĞI
HATAY,İSKENDERUN
ISPARTA,AKSU
ISPARTA,ATABEY
ISPARTA,EĞİRDİR
ISPARTA,GELENDOST
ISPARTA,GÖNEN
ISPARTA,ISPARTA
ISPARTA,KEÇİBORLU
ISPARTA,SENİRKENT
ISPARTA,SÜTÇÜLER
ISPARTA,ULUBORLU
ISPARTA,YALVAÇ
ISPARTA,YENİŞARBADEMLİ
ISPARTA,ŞARKİKARAAĞAÇ
IĞDIR,ARALIK
IĞDIR,IĞDIR
IĞDIR,KARAKOYUNLU
IĞDIR,TUZLUCA
KAHRAMANMARAŞ,AFŞİN
KAHRAMANMARAŞ,ANDIRIN
KAHRAMANMARAŞ,EKİNÖZÜ
KAHRAMANMARAŞ,ELBİSTAN
KAHRAMANMARAŞ,GÖKSUN
KAHRAMANMARAŞ,KAHRAMANMARAŞ
KAHRAMANMARAŞ,NURHAK
KAHRAMANMARAŞ,PAZARCIK
KAHRAMANMARAŞ,TÜRKOĞLU
KAHRAMANMARAŞ,ÇAĞLIYANCERİT
KARABÜK,EFLANİ
KARABÜK,ESKİPAZAR
KARABÜK,KARABÜK
KARABÜK,OVACIK
KARABÜK,SAFRANBOLU
KARABÜK,YENİCE
KARAMAN,AYRANCI
KARAMAN,BAŞYAYLA
KARAMAN,ERMENEK
KARAMAN,KARAMAN
KARAMAN,KAZIMKARABEKİR
KARAMAN,SARIVELİLER
KARS,AKYAKA
KARS,ARPAÇAY
KARS,DİGOR
KARS,KARS
KARS,KAĞIZMAN
KARS,SARIKAMIŞ
KARS,SELİM
KARS,SUSUZ
KASTAMONU,ABANA
KASTAMONU,ARAÇ
KASTAMONU,AZDAVAY
KASTAMONU,AĞLI
KASTAMONU,BOZKURT
KASTAMONU,CİDE
KASTAMONU,DADAY
KASTAMONU,DEVREKANİ
KASTAMONU,DOĞANYURT
KASTAMONU,HANÖNÜ
KASTAMONU,KASTAMONU
KASTAMONU,KÜRE
KASTAMONU,PINARBAŞI
KASTAMONU,SEYDİLER
KASTAMONU,TAŞKÖPRÜ
KASTAMONU,TOSYA
KASTAMONU,ÇATALZEYTİN
KASTAMONU,İHSANGAZİ
KASTAMONU,İNEBOLU
KASTAMONU,ŞENPAZAR
KAYSERİ,AKKIŞLA
KAYSERİ,BÜNYAN
KAYSERİ,DEVELİ
KAYSERİ,FELAHİYE
KAYSERİ,HACILAR
KAYSERİ,KOCASİNAN
KAYSERİ,MELİKGAZİ
KAYSERİ,PINARBAŞI
KAYSERİ,SARIOĞLAN
KAYSERİ,SARIZ
KAYSERİ,TALAS
KAYSERİ,TOMARZA
KAYSERİ,YAHYALI
KAYSERİ,YEŞİLHİSAR
KAYSERİ,ÖZVATAN
KAYSERİ,İNCESU
KIRIKKALE,BAHŞİLİ
KIRIKKALE,BALIŞEYH
KIRIKKALE,DELİCE
KIRIKKALE,KARAKEÇİLİ
KIRIKKALE,KESKİN
KIRIKKALE,KIRIKKALE
KIRIKKALE,SULAKYURT
KIRIKKALE,YAHŞİHAN
KIRIKKALE,ÇELEBİ
KIRKLARELİ,BABAESKİ
KIRKLARELİ,DEMİRKÖY
KIRKLARELİ,KIRKLARELİ
KIRKLARELİ,KOFÇAZ
KIRKLARELİ,LÜLEBURGAZ
KIRKLARELİ,PEHLİVANKÖY
KIRKLARELİ,PINARHİSAR
KIRKLARELİ,VİZE
KIRŞEHİR,AKPINAR
KIRŞEHİR,AKÇAKENT
KIRŞEHİR,BOZTEPE
KIRŞEHİR,KAMAN
KIRŞEHİR,KIRŞEHİR
KIRŞEHİR,MUCUR
KIRŞEHİR,ÇİÇEKDAĞI
KOCAELİ,BAŞİSKELE
KOCAELİ,DARICA
KOCAELİ,DERİNCE
KOCAELİ,DİLOVASI
KOCAELİ,GEBZE
KOCAELİ,GÖLCÜK
KOCAELİ,KANDIRA
KOCAELİ,KARAMÜRSEL
KOCAELİ,KARTEPE
KOCAELİ,KÖRFEZ
KOCAELİ,ÇAYIROVA
KOCAELİ,İZMİT
KONYA,AHIRLI
KONYA,AKÖREN
KONYA,AKŞEHİR
KONYA,ALTINEKİN
KONYA,BEYŞEHİR
KONYA,BOZKIR
KONYA,CİHANBEYLİ
KONYA,DERBENT
KONYA,DEREBUCAK
KONYA,DOĞANHİSAR
KONYA,EMİRGAZİ
KONYA,EREĞLİ
KONYA,GÜNEYSINIR
KONYA,HADİM
KONYA,HALKAPINAR
KONYA,HÜYÜK
KONYA,ILGIN
KONYA,KADINHANI
KONYA,KARAPINAR
KONYA,KARATAY
KONYA,KULU
KONYA,MERAM
KONYA,SARAYÖNÜ
KONYA,SELÇUKLU
KONYA,SEYDİŞEHİR
KONYA,TAŞKENT
KONYA,TUZLUKÇU
KONYA,YALIHÜYÜK
KONYA,YUNAK
KONYA,ÇELTİK
KONYA,ÇUMRA
KÜTAHYA,ALTINTAŞ
KÜTAHYA,ASLANAPA
KÜTAHYA,DOMANİÇ
KÜTAHYA,DUMLUPINAR
KÜTAHYA,EMET
KÜTAHYA,GEDİZ
KÜTAHYA,HİSARCIK
KÜTAHYA,KÜTAHYA
KÜTAHYA,PAZARLAR
KÜTAHYA,SİMAV
KÜTAHYA,TAVŞANLI
KÜTAHYA,ÇAVDARHİSAR
KÜTAHYA,ŞAPHANE
KİLİS,ELBEYLİ
KİLİS,KİLİS
KİLİS,MUSABEYLİ
KİLİS,POLATELİ
MALATYA,AKÇADAĞ
MALATYA,ARAPKİR
MALATYA,ARGUVAN
MALATYA,BATTALGAZİ
MALATYA,DARENDE
MALATYA,DOĞANYOL
MALATYA,DOĞANŞEHİR
MALATYA,HEKİMHAN
MALATYA,KALE
MALATYA,KULUNCAK
MALATYA,MALATYA
MALATYA,PÜTÜRGE
MALATYA,YAZIHAN
MALATYA,YEŞİLYURT
MANİSA,AHMETLİ
MANİSA,AKHİSAR
MANİSA,ALAŞEHİR
MANİSA,DEMİRCİ
MANİSA,GÖLMARMARA
MANİSA,GÖRDES
MANİSA,KIRKAĞAÇ
MANİSA,KULA
MANİSA,KÖPRÜBAŞI
MANİSA,MANİSA
MANİSA,SALİHLİ
MANİSA,SARIGÖL
MANİSA,SARUHANLI
MANİSA,SELENDİ
MANİSA,SOMA
MANİSA,TURGUTLU
MARDİN,DARGEÇİT
MARDİN,DERİK
MARDİN,KIZILTEPE
MARDİN,MARDİN
MARDİN,MAZIDAĞI
MARDİN,MİDYAT
MARDİN,NUSAYBİN
MARDİN,SAVUR
MARDİN,YEŞİLLİ
MARDİN,ÖMERLİ
MERSİN,AKDENİZ
MERSİN,ANAMUR
MERSİN,AYDINCIK
MERSİN,BOZYAZI
MERSİN,ERDEMLİ
MERSİN,GÜLNAR
MERSİN,MEZİTLİ
MERSİN,MUT
MERSİN,SİLİFKE
MERSİN,TARSUS
MERSİN,TOROSLAR
MERSİN,YENİŞEHİR
MERSİN,ÇAMLIYAYLA
MUĞLA,BODRUM
MUĞLA,DALAMAN
MUĞLA,DATÇA
MUĞLA,FETHİYE
MUĞLA,KAVAKLIDERE
MUĞLA,KÖYCEĞİZ
MUĞLA,MARMARİS
MUĞLA,MUĞLA
MUĞLA,MİLAS
MUĞLA,ORTACA
MUĞLA,ULA
MUĞLA,YATAĞAN
MUŞ,BULANIK
MUŞ,HASKÖY
MUŞ,KORKUT
MUŞ,MALAZGİRT
MUŞ,MUŞ
MUŞ,VARTO
NEVŞEHİR,ACIGÖL
NEVŞEHİR,AVANOS
NEVŞEHİR,DERİNKUYU
NEVŞEHİR,GÜLŞEHİR
NEVŞEHİR,HACIBEKTAŞ
NEVŞEHİR,KOZAKLI
NEVŞEHİR,NEVŞEHİR
NEVŞEHİR,ÜRGÜP
NİĞDE,ALTUNHİSAR
NİĞDE,BOR
NİĞDE,NİĞDE
NİĞDE,ULUKIŞLA
NİĞDE,ÇAMARDI
NİĞDE,ÇİFTLİK
ORDU,AKKUŞ
ORDU,AYBASTI
ORDU,FATSA
ORDU,GÖLKÖY
ORDU,GÜLYALI
ORDU,GÜRGENTEPE
ORDU,KABADÜZ
ORDU,KABATAŞ
ORDU,KORGAN
ORDU,KUMRU
ORDU,MESUDİYE
ORDU,ORDU
ORDU,PERŞEMBE
ORDU,ULUBEY
ORDU,ÇAMAŞ
ORDU,ÇATALPINAR
ORDU,ÇAYBAŞI
ORDU,ÜNYE
ORDU,İKİZCE
OSMANİYE,BAHÇE
OSMANİYE,DÜZİÇİ
OSMANİYE,HASANBEYLİ
OSMANİYE,KADİRLİ
OSMANİYE,OSMANİYE
OSMANİYE,SUMBAS
OSMANİYE,TOPRAKKALE
RİZE,ARDEŞEN
RİZE,DEREPAZARI
RİZE,FINDIKLI
RİZE,GÜNEYSU
RİZE,HEMŞİN
RİZE,KALKANDERE
RİZE,PAZAR
RİZE,RİZE
RİZE,ÇAMLIHEMŞİN
RİZE,ÇAYELİ
RİZE,İKİZDERE
RİZE,İYİDERE
SAKARYA,ADAPAZARI
SAKARYA,AKYAZI
SAKARYA,ARİFİYE
SAKARYA,ERENLER
SAKARYA,FERİZLİ
SAKARYA,GEYVE
SAKARYA,HENDEK
SAKARYA,KARAPÜRÇEK
SAKARYA,KARASU
SAKARYA,KAYNARCA
SAKARYA,KOCAALİ
SAKARYA,PAMUKOVA
SAKARYA,SAPANCA
SAKARYA,SERDİVAN
SAKARYA,SÖĞÜTLÜ
SAKARYA,TARAKLI
SAMSUN,ALAÇAM
SAMSUN,ASARCIK
SAMSUN,ATAKUM
SAMSUN,AYVACIK
SAMSUN,BAFRA
SAMSUN,CANİK
SAMSUN,HAVZA
SAMSUN,KAVAK
SAMSUN,LADİK
SAMSUN,ONDOKUZMAYIS
SAMSUN,SALIPAZARI
SAMSUN,TEKKEKÖY
SAMSUN,TERME
SAMSUN,VEZİRKÖPRÜ
SAMSUN,YAKAKENT
SAMSUN,ÇARŞAMBA
SAMSUN,İLKADIM
SİNOP,AYANCIK
SİNOP,BOYABAT
SİNOP,DURAĞAN
SİNOP,DİKMEN
SİNOP,ERFELEK
SİNOP,GERZE
SİNOP,SARAYDÜZÜ
SİNOP,SİNOP
SİNOP,TÜRKELİ
SİVAS,AKINCILAR
SİVAS,ALTINYAYLA
SİVAS,DOĞANŞAR
SİVAS,DİVRİĞİ
SİVAS,GEMEREK
SİVAS,GÖLOVA
SİVAS,GÜRÜN
SİVAS,HAFİK
SİVAS,KANGAL
SİVAS,KOYULHİSAR
SİVAS,SUŞEHRİ
SİVAS,SİVAS
SİVAS,ULAŞ
SİVAS,YILDIZELİ
SİVAS,ZARA
SİVAS,İMRANLI
SİVAS,ŞARKIŞLA
SİİRT,AYDINLAR
SİİRT,BAYKAN
SİİRT,ERUH
SİİRT,KURTALAN
SİİRT,PERVARİ
SİİRT,SİİRT
SİİRT,ŞİRVAN
TEKİRDAĞ,HAYRABOLU
TEKİRDAĞ,MALKARA
TEKİRDAĞ,MARMARAEREĞLİSİ
TEKİRDAĞ,MURATLI
TEKİRDAĞ,SARAY
TEKİRDAĞ,TEKİRDAĞ
TEKİRDAĞ,ÇERKEZKÖY
TEKİRDAĞ,ÇORLU
TEKİRDAĞ,ŞARKÖY
TOKAT,ALMUS
TOKAT,ARTOVA
TOKAT,BAŞÇİFTLİK
TOKAT,ERBAA
TOKAT,NİKSAR
TOKAT,PAZAR
TOKAT,REŞADİYE
TOKAT,SULUSARAY
TOKAT,TOKAT
TOKAT,TURHAL
TOKAT,YEŞİLYURT
TOKAT,ZİLE
TRABZON,AKÇAABAT
TRABZON,ARAKLI
TRABZON,ARSİN
TRABZON,BEŞİKDÜZÜ
TRABZON,DERNEKPAZARI
TRABZON,DÜZKÖY
TRABZON,HAYRAT
TRABZON,KÖPRÜBAŞI
TRABZON,MAÇKA
TRABZON,OF
TRABZON,SÜRMENE
TRABZON,TONYA
TRABZON,TRABZON
TRABZON,VAKFIKEBİR
TRABZON,YOMRA
TRABZON,ÇARŞIBAŞI
TRABZON,ÇAYKARA
TRABZON,ŞALPAZARI
TUNCELİ,HOZAT
TUNCELİ,MAZGİRT
TUNCELİ,NAZIMİYE
TUNCELİ,OVACIK
TUNCELİ,PERTEK
TUNCELİ,PÜLÜMÜR
TUNCELİ,TUNCELİ
TUNCELİ,ÇEMİŞGEZEK
UŞAK,BANAZ
UŞAK,EŞME
UŞAK,KARAHALLI
UŞAK,SİVASLI
UŞAK,ULUBEY
UŞAK,UŞAK
VAN,BAHÇESARAY
VAN,BAŞKALE
VAN,EDREMİT
VAN,ERCİŞ
VAN,GEVAŞ
VAN,GÜRPINAR
VAN,MURADİYE
VAN,SARAY
VAN,VAN
VAN,ÇALDIRAN
VAN,ÇATAK
VAN,ÖZALP
YALOVA,ALTINOVA
YALOVA,ARMUTLU
YALOVA,TERMAL
YALOVA,YALOVA
YALOVA,ÇINARCIK
YALOVA,ÇİFTLİKKÖY
YOZGAT,AKDAĞMADENİ
YOZGAT,AYDINCIK
YOZGAT,BOĞAZLIYAN
YOZGAT,KADIŞEHRİ
YOZGAT,SARAYKENT
YOZGAT,SARIKAYA
YOZGAT,SORGUN
YOZGAT,YENİFAKILI
YOZGAT,YERKÖY
YOZGAT,YOZGAT
YOZGAT,ÇANDIR
YOZGAT,ÇAYIRALAN
YOZGAT,ÇEKEREK
YOZGAT,ŞEFAATLİ
ZONGULDAK,ALAPLI
ZONGULDAK,DEVREK
ZONGULDAK,GÖKÇEBEY
ZONGULDAK,KARADENİZEREĞLİ
ZONGULDAK,ZONGULDAK
ZONGULDAK,ÇAYCUMA
ÇANAKKALE,AYVACIK
ÇANAKKALE,BAYRAMİÇ
ÇANAKKALE,BOZCAADA
ÇANAKKALE,BİGA
ÇANAKKALE,ECEABAT
ÇANAKKALE,EZİNE
ÇANAKKALE,GELİBOLU
ÇANAKKALE,GÖKÇEADA
ÇANAKKALE,LAPSEKİ
ÇANAKKALE,YENİCE
ÇANAKKALE,ÇAN
ÇANAKKALE,ÇANAKKALE
ÇANKIRI,ATKARACALAR
ÇANKIRI,BAYRAMÖREN
ÇANKIRI,ELDİVAN
ÇANKIRI,ILGAZ
ÇANKIRI,KIZILIRMAK
ÇANKIRI,KORGUN
ÇANKIRI,KURŞUNLU
ÇANKIRI,ORTA
ÇANKIRI,YAPRAKLI
ÇANKIRI,ÇANKIRI
ÇANKIRI,ÇERKEŞ
ÇANKIRI,ŞABANÖZÜ
ÇORUM,ALACA
ÇORUM,BAYAT
ÇORUM,BOĞAZKALE
ÇORUM,DODURGA
ÇORUM,KARGI
ÇORUM,LAÇİN
ÇORUM,MECİTÖZÜ
ÇORUM,ORTAKÖY
ÇORUM,OSMANCIK
ÇORUM,OĞUZLAR
ÇORUM,SUNGURLU
ÇORUM,UĞURLUDAĞ
ÇORUM,ÇORUM
ÇORUM,İSKİLİP
İZMİR,ALİAĞA
İZMİR,BALÇOVA
İZMİR,BAYINDIR
İZMİR,BAYRAKLI
İZMİR,BERGAMA
İZMİR,BEYDAĞ
İZMİR,BORNOVA
İZMİR,BUCA
İZMİR,DİKİLİ
İZMİR,FOÇA
İZMİR,GAZİEMİR
İZMİR,GÜZELBAHÇE
İZMİR,KARABAĞLAR
İZMİR,KARABURUN
İZMİR,KARŞIYAKA
İZMİR,KEMALPAŞA
İZMİR,KINIK
İZMİR,KONAK
İZMİR,KİRAZ
İZMİR,MENDERES
İZMİR,MENEMEN
İZMİR,NARLIDERE
İZMİR,SEFERİHİSAR
İZMİR,SELÇUK
İZMİR,TORBALI
İZMİR,TİRE
İZMİR,URLA
İZMİR,ÇEŞME
İZMİR,ÇİĞLİ
İZMİR,ÖDEMİŞ
ŞANLIURFA,AKÇAKALE
ŞANLIURFA,BOZOVA
ŞANLIURFA,BİRECİK
ŞANLIURFA,CEYLANPINAR
ŞANLIURFA,HALFETİ
ŞANLIURFA,HARRAN
ŞANLIURFA,HİLVAN
ŞANLIURFA,SURUÇ
ŞANLIURFA,SİVEREK
ŞANLIURFA,VİRANŞEHİR
ŞANLIURFA,ŞANLIURFA
ŞIRNAK,BEYTÜŞŞEBAP
ŞIRNAK,CİZRE
ŞIRNAK,GÜÇLÜKONAK
ŞIRNAK,SİLOPİ
ŞIRNAK,ULUDERE
ŞIRNAK,İDİL
ŞIRNAK,ŞIRNAK
